{
  "cols": 10,
  "data": {
    "point-0": [
      0.0,
      0.35164836049079895,
      0.35164836049079895,
      0.32967033982276917,
      0.2637362778186798,
      0.08791209012269974,
      0.1318681389093399,
      0.47252747416496277,
      0.38461539149284363,
      0.593406617641449
    ],
    "point-1": [
      0.8461538553237915,
      0.7472527623176575,
      0.3956044018268585,
      0.36263737082481384,
      0.3076923191547394,
      0.2967033088207245,
      0.593406617641449,
      0.8131868243217468,
      0.6813187003135681,
      0.4065934121608734
    ],
    "point-10": [
      0.7692307829856873,
      0.7692307829856873,
      0.7802197933197021,
      0.7802197933197021,
      0.7582417726516724,
      0.6703296899795532,
      0.5054945349693298,
      0.3956044018268585,
      0.38461539149284363,
      0.7362637519836426
    ],
    "point-11": [
      0.0,
      0.0,
      0.0,
      0.0,
      0.0,
      0.0,
      0.0,
      0.0,
      0.0,
      0.0
    ],
    "point-2": [
      0.35164836049079895,
      0.5824176073074341,
      0.692307710647583,
      0.7802197933197021,
      0.8351648449897766,
      0.8571428656578064,
      0.8571428656578064,
      0.7802197933197021,
      0.6153846383094788,
      0.4065934121608734
    ],
    "point-3": [
      0.5604395866394043,
      0.36263737082481384,
      0.2747252881526947,
      0.692307710647583,
      0.9890109896659851,
      0.4285714328289032,
      0.4395604431629181,
      0.4395604431629181,
      0.2527472674846649,
      0.2527472674846649
    ],
    "point-4": [
      0.791208803653717,
      0.8571428656578064,
      0.8681318759918213,
      0.8131868243217468,
      0.7252747416496277,
      0.692307710647583,
      0.692307710647583,
      0.7362637519836426,
      0.7362637519836426,
      0.7692307829856873
    ],
    "point-5": [
      1.0,
      1.0,
      1.0,
      1.0,
      1.0,
      1.0,
      1.0,
      1.0,
      1.0,
      1.0
    ],
    "point-6": [
      0.7252747416496277,
      0.6813187003135681,
      0.5604395866394043,
      0.4065934121608734,
      0.3956044018268585,
      0.3956044018268585,
      0.49450549483299255,
      0.6153846383094788,
      0.6593406796455383,
      1.0
    ],
    "point-7": [
      0.5714285969734192,
      0.34065935015678406,
      0.2747252881526947,
      0.2747252881526947,
      0.2747252881526947,
      0.2857142984867096,
      0.3076923191547394,
      0.3186813294887543,
      0.3076923191547394,
      0.3076923191547394
    ],
    "point-8": [
      0.5164835453033447,
      0.5494505763053894,
      0.6153846383094788,
      0.6593406796455383,
      0.7032967209815979,
      0.7142857313156128,
      0.5274725556373596,
      0.24175824224948883,
      0.34065935015678406,
      0.47252747416496277
    ],
    "point-9": [
      0.8351648449897766,
      0.8571428656578064,
      0.8461538553237915,
      0.5164835453033447,
      0.06593406945466995,
      0.16483516991138458,
      0.47252747416496277,
      0.7692307829856873,
      0.8241758346557617,
      0.7362637519836426
    ]
  }
}
