{
  "cols": 2,
  "data": {
    "point-0": [
      0.0,
      0.0
    ],
    "point-1": [
      0.19685038924217224,
      0.0
    ],
    "point-2": [
      0.3937007784843445,
      0.0
    ],
    "point-3": [
      0.5905511975288391,
      0.0
    ],
    "point-4": [
      0.787401556968689,
      0.0
    ],
    "point-5": [
      0.9842519760131836,
      0.0
    ]
  }
}
