{
  "cols": 10,
  "data": {
    "point-0": [
      0.0,
      0.0,
      0.0,
      0.0,
      0.0,
      0.0,
      0.0,
      0.0,
      0.0,
      0.0
    ],
    "point-1": [
      0.3076923191547394,
      0.4285714328289032,
      0.5274725556373596,
      0.48351648449897766,
      0.16483516991138458,
      0.07692307978868484,
      0.1428571492433548,
      0.2967033088207245,
      0.5604395866394043,
      0.6043956279754639
    ],
    "point-2": [
      0.6593406796455383,
      0.6703296899795532,
      0.6043956279754639,
      0.48351648449897766,
      0.21978022158145905,
      0.3076923191547394,
      0.4615384638309479,
      0.7252747416496277,
      0.8131868243217468,
      0.6043956279754639
    ],
    "point-3": [
      0.23076923191547394,
      0.2637362778186798,
      0.18681319057941437,
      0.12087912112474442,
      0.2527472674846649,
      0.6483516693115234,
      0.1318681389093399,
      0.021978022530674934,
      0.2527472674846649,
      0.20879121124744415
    ],
    "point-4": [
      0.18681319057941437,
      0.5054945349693298,
      0.692307710647583,
      0.16483516991138458,
      0.06593406945466995,
      0.10989011079072952,
      0.35164836049079895,
      0.5164835453033447,
      0.6043956279754639,
      0.3956044018268585
    ],
    "point-5": [
      0.47252747416496277,
      0.450549453496933,
      0.38461539149284363,
      0.18681319057941437,
      0.1428571492433548,
      0.20879121124744415,
      0.4285714328289032,
      0.9450549483299255,
      0.37362638115882874,
      0.2637362778186798
    ],
    "point-6": [
      0.6043956279754639,
      0.9670329689979553,
      0.5384615659713745,
      0.3186813294887543,
      0.2747252881526947,
      0.2637362778186798,
      0.37362638115882874,
      0.18681319057941437,
      0.07692307978868484,
      0.6483516693115234
    ],
    "point-7": [
      0.6043956279754639,
      0.9670329689979553,
      0.5384615659713745,
      0.3186813294887543,
      0.2747252881526947,
      0.2637362778186798,
      0.4395604431629181,
      0.6703296899795532,
      0.7582417726516724,
      0.791208803653717
    ],
    "point-8": [
      0.6043956279754639,
      0.9670329689979553,
      0.9120879173278809,
      0.901098906993866,
      0.21978022158145905,
      0.09890110045671463,
      0.23076923191547394,
      0.7142857313156128,
      0.6483516693115234,
      0.1318681389093399
    ],
  }
}
