{
  "cols": 10,
  "data": {
    "point-0": [
      0.0,
      0.0,
      0.0,
      0.0,
      0.0,
      0.0,
      0.0,
      0.0,
      0.0,
      0.0
    ],
    "point-1": [
      0.3186813294887543,
      0.6483516693115234,
      0.7582417726516724,
      0.450549453496933,
      0.19780220091342926,
      0.23076923191547394,
      0.2527472674846649,
      0.3956044018268585,
      0.4065934121608734,
      0.35164836049079895
    ],
    "point-2": [
      0.3186813294887543,
      0.6813187003135681,
      0.7472527623176575,
      0.032967034727334976,
      0.05494505539536476,
      0.1428571492433548,
      0.5384615659713745,
      0.7032967209815979,
      0.3186813294887543,
      0.24175824224948883
    ],
    "point-3": [
      0.3186813294887543,
      1.0,
      0.07692307978868484,
      0.19780220091342926,
      0.2967033088207245,
      0.17582418024539948,
      0.09890110045671463,
      0.7802197933197021,
      0.8571428656578064,
      0.9340659379959106
    ],
    "point-4": [
      0.7802197933197021,
      0.7252747416496277,
      0.5824176073074341,
      0.12087912112474442,
      0.8681318759918213,
      0.901098906993866,
      0.8241758346557617,
      0.07692307978868484,
      0.3956044018268585,
      0.8021978139877319
    ]
  }
}
