{
  "cols": 2,
  "data": {
    "point-0": [
      0.15748031437397003,
      0.0
    ],
    "point-1": [
      0.03937007859349251,
      0.0
    ],
    "point-2": [
      0.11811023950576782,
      0.0
    ],
    "point-3": [
      0.19685038924217224,
      0.0
    ],
    "point-4": [
      0.27559053897857666,
      0.0
    ]
  }
}
