{
  "cols": 10,
  "data": {
    "point-0": [
      0.0,
      0.0,
      0.0,
      0.0,
      0.0,
      0.0,
      0.0,
      0.0,
      0.0,
      0.0
    ],
    "point-1": [
      0.5714285969734192,
      0.6153846383094788,
      0.36263737082481384,
      0.0,
      0.0,
      0.0,
      0.16483516991138458,
      0.4615384638309479,
      0.6373626589775085,
      0.7692307829856873
    ],
    "point-2": [
      0.5714285969734192,
      0.8131868243217468,
      0.2747252881526947,
      0.24175824224948883,
      0.9230769276618958,
      0.9560439586639404,
      0.5714285969734192,
      0.12087912112474442,
      0.2637362778186798,
      0.5274725556373596
    ],
    "point-3": [
      0.4175824224948883,
      0.5824176073074341,
      0.6153846383094788,
      0.32967033982276917,
      0.37362638115882874,
      0.5164835453033447,
      0.7472527623176575,
      0.47252747416496277,
      0.36263737082481384,
      0.9670329689979553
    ],
    "point-4": [
      0.38461539149284363,
      0.36263737082481384,
      0.36263737082481384,
      0.32967033982276917,
      0.593406617641449,
      0.6593406796455383,
      0.7142857313156128,
      0.7472527623176575,
      0.7032967209815979,
      0.7582417726516724
    ],
    "point-5": [
      0.9340659379959106,
      0.6593406796455383,
      0.7582417726516724,
      0.9340659379959106,
      1.0,
      1.0,
      0.9120879173278809,
      0.8461538553237915,
      0.8791208863258362,
      0.9450549483299255
    ]
  }
}
