{
  "cols": 2,
  "data": {
    "point-0": [
      0.23622047901153564,
      0.0
    ],
    "point-1": [
      0.35433071851730347,
      0.35433071851730347
    ],
    "point-10": [
      0.8425197005271912,
      0.8425197005271912
    ],
    "point-11": [
      0.0,
      0.0
    ],
    "point-2": [
      0.5905511975288391,
      0.5905511975288391
    ],
    "point-3": [
      0.4960629940032959,
      0.4960629940032959
    ],
    "point-4": [
      0.9921259880065918,
      0.9921259880065918
    ],
    "point-5": [
      1.0,
      1.0
    ],
    "point-6": [
      0.7559055089950562,
      0.7559055089950562
    ],
    "point-7": [
      0.10236220806837082,
      0.10236220806837082
    ],
    "point-8": [
      0.21259842813014984,
      0.21259842813014984
    ],
    "point-9": [
      0.6614173054695129,
      0.6614173054695129
    ]
  }
}
