{
  "cols": 2,
  "data": {
    "point-0": [
      0.0,
      0.0
    ],
    "point-1": [
      0.15748031437397003,
      0.0
    ],
    "point-2": [
      0.18897637724876404,
      0.0
    ],
    "point-3": [
      0.031496062874794006,
      0.0
    ],
    "point-4": [
      0.06299212574958801,
      0.0
    ],
    "point-5": [
      0.09448818862438202,
      0.0
    ],
    "point-6": [
      0.12598425149917603,
      0.0
    ],
    "point-7": [
      0.22047244012355804,
      0.0
    ],
    "point-8": [
      0.25196850299835205,
      0.0
    ],

  }
}
